<?xml version="1.0" encoding="UTF-8" standalone="no"?>
<!--Generated by IBM TransformationAdvisor 
Mon Nov 19 13:15:42 EST 2018--><server>
    <featureManager>
        <feature>jsp-2.3</feature>
        <feature>ejbLite-3.2</feature>
        <feature>jaxb-2.2</feature>
        <feature>servlet-3.1</feature>
        <feature>jsf-2.2</feature>
        <feature>mdb-3.2</feature>
        <feature>jndi-1.0</feature>
        <feature>jms-2.0</feature>
        <feature>jdbc-4.1</feature>
        <feature>jpa-2.1</feature>
        <feature>wasJmsServer-1.0</feature>
        <feature>wasJmsClient-2.0</feature>
    </featureManager>
    <httpEndpoint host="*" httpPort="9080" httpsPort="9443" id="defaultHttpEndpoint"/>
    <authData id="TradeDataSourceAuthData" password="???" user="root"/>
    <authData id="TradeAdminAuthData" password="???" user="AdminUserID"/>
    <messagingEngine>
        <queue id="TradeBrokerQueue"/>
        <topicSpace id="TradeStreamerTopic"/>
    </messagingEngine>
    <jmsQueue id="TradeBrokerQueue" jndiName="jms/TradeBrokerQueue">
        <properties.wasJms deliveryMode="NonPersistent" queueName="TradeBrokerJSD"/>
    </jmsQueue>
    <jmsTopic id="TradeStreamerTopic" jndiName="jms/TradeStreamerTopic">
        <properties.wasJms deliveryMode="NonPersistent" topicName="TradeStreamerTopic" topicSpace="Trade.Topic.Space"/>
    </jmsTopic>
    <jmsActivationSpec id="TradeBrokerMDBSpec">
        <properties.wasJms destinationType="javax.jms.Queue"/>
    </jmsActivationSpec>
    <jmsActivationSpec id="TradeStreamerMDBSpec">
        <properties.wasJms destinationType="javax.jms.Topic"/>
    </jmsActivationSpec>
    <jmsQueueConnectionFactory id="TradeBrokerQCF" jndiName="jms/TradeBrokerQCF">
        <properties.wasJms/>
    </jmsQueueConnectionFactory>
    <jmsTopicConnectionFactory id="TradeStreamerTCF" jndiName="jms/TradeStreamerTCF">
        <properties.wasJms/>
    </jmsTopicConnectionFactory>
    <jdbcDriver id="DB2_Universal_JDBC_Driver_Provider_Only_(XA)" javax.sql.DataSource="com.ibm.db2.jcc.DB2XADataSource">
        <library>
            <!-- <file name="/home/db2inst1/sqllib/java/db2jcc.jar"/> -->
            <file name="/config/lib/db2jcc.jar"/>
            <!-- <file name="/home/db2inst1/sqllib/java/db2jcc_license_cu.jar"/> -->
            <file name="/config/lib/db2jcc_license_cu.jar"/>
        </library>
    </jdbcDriver>
    <dataSource id="TradeDataSource" jdbcDriverRef="DB2_Universal_JDBC_Driver_Provider_Only_(XA)" jndiName="jdbc/TradeDataSource">
        <properties.db2.jcc beginTranForResultSetScrollingAPIs="false" beginTranForVendorAPIs="false" connectionSharing="1" databaseName="tradedb" enableClientInformation="false" enableMultithreadedAccessDetection="false" errorDetectionModel="ExceptionMapping" name="TradeDataSource" nonTransactionalDataSource="false" portNumber="50000" preTestSQLString="SELECT CURRENT SQLID FROM SYSIBM.SYSDUMMY1" propagateClientIdentityUsingTrustedContext="false" reauthentication="false" retrieveMessagesFromServerOnGetMessage="false" serverName="9.161.100.223" statementCacheSize="60" traceLevel="-1" unbindClientRerouteListFromJndi="false" useTransactionRedirect="false" validateNewConnection="false" validateNewConnectionRetryCount="100" validateNewConnectionRetryInterval="3"/>
        <connectionManager agedTimeout="0" connectionTimeout="180" maxIdleTime="1800" maxPoolSize="50" minPoolSize="10" reapTime="180"/>
    </dataSource>
    <dataSource id="NoTxTradeDataSource" jdbcDriverRef="DB2_Universal_JDBC_Driver_Provider_Only_(XA)" jndiName="jdbc/NoTxTradeDataSource">
        <properties.db2.jcc beginTranForResultSetScrollingAPIs="false" beginTranForVendorAPIs="false" connectionSharing="1" databaseName="tradedb" enableClientInformation="false" enableMultithreadedAccessDetection="false" errorDetectionModel="ExceptionMapping" name="NoTxTradeDataSource" nonTransactionalDataSource="true" portNumber="50000" preTestSQLString="SELECT CURRENT SQLID FROM SYSIBM.SYSDUMMY1" propagateClientIdentityUsingTrustedContext="false" reauthentication="false" retrieveMessagesFromServerOnGetMessage="false" serverName="9.161.100.223" traceLevel="-1" unbindClientRerouteListFromJndi="false" useTransactionRedirect="false" validateNewConnection="false" validateNewConnectionRetryCount="100" validateNewConnectionRetryInterval="3"/>
        <connectionManager agedTimeout="0" connectionTimeout="180" maxIdleTime="1800" maxPoolSize="50" minPoolSize="10" reapTime="180"/>
    </dataSource>
<applicationManager autoExpand="true"/>
</server>
